iyear,imonth,country,region,provstate,city,latitude,longitude,specificity,vincity,crit1,crit2,crit3,success,attacktype1,targtype1,targsubtype1,natlty1,gname,individual,claimed,weaptype1,nkill,nwound,property,ransom,INT_LOG,INT_IDEO,INT_MISC,INT_ANY
0,11,92,6,20,712,17.376812,78.487812,1,0,1,1,1,1,3,14,75,92,179,0,1,6,8,59,-9,-9,0,1,0,1
0,8,92,6,35,742,27.086765,93.60872,1,0,1,1,0,1,3,4,29,92,217,0,1,6,3,8,0,-9,0,1,0,1
0,10,92,6,37,476,26.140833,91.790833,1,0,1,1,1,1,3,14,67,92,354,0,0,6,37,235,1,-9,0,1,1,1
0,10,92,6,70,1201,25.611838,85.145519,1,0,1,1,1,1,3,22,111,92,151,0,1,6,1,14,1,-9,0,0,0,0
0,6,92,6,119,1297,21.241414,81.634332,1,0,1,1,1,1,6,14,68,92,93,0,0,5,0,0,0,-9,0,0,0,0
0,2,92,6,154,1093,28.632381,77.220004,1,0,1,1,1,1,3,6,43,69,156,0,2,6,0,0,1,0,1,1,1,1
0,10,92,6,202,1187,15.386033,73.84404,1,0,1,1,1,1,3,15,86,92,143,0,0,6,0,0,-9,-9,-9,-9,0,-9
0,9,92,6,209,610,23.229357,72.674105,1,0,1,1,1,1,3,15,86,92,140,0,0,6,33,70,1,-9,-9,-9,0,-9
0,4,92,6,214,340,28.831237,76.39556,1,0,1,1,1,1,1,10,53,92,320,0,2,5,1,0,0,0,0,0,0,0
0,4,92,6,225,52,30.464581,77.640726,1,0,1,1,1,1,2,1,7,92,320,0,2,5,3,10,1,0,0,0,0,0
0,10,92,6,248,1504,34.083658,74.797368,1,0,1,1,1,1,2,3,25,92,207,0,2,5,1,0,1,0,-9,-9,0,-9
0,8,92,6,250,751,22.804567,86.202875,1,0,1,1,1,1,3,15,87,92,209,0,2,6,1,0,1,0,-9,-9,0,-9
0,4,92,6,258,149,12.978737,77.59964,1,0,1,1,1,1,3,14,74,92,144,0,0,6,0,10,1,-9,1,1,0,1
0,10,92,6,264,784,11.874478,75.370366,1,0,1,1,1,1,3,22,109,92,94,0,0,6,0,0,1,-9,0,0,0,0
0,5,92,6,306,213,23.255053,77.41433,1,0,1,1,1,1,1,22,109,92,360,0,2,5,2,0,0,0,-9,-9,0,-9
0,8,92,6,311,234,19.075984,72.877656,1,0,1,1,1,0,1,7,45,215,360,0,2,5,0,0,0,0,-9,-9,1,1
0,3,92,6,319,724,24.817011,93.936844,1,0,1,1,0,1,9,4,29,92,244,0,2,13,14,40,1,0,0,0,0,0
0,5,92,6,336,1473,25.579549,91.891915,1,0,1,1,1,0,3,20,0,92,145,0,0,6,0,0,0,-9,0,1,0,1
0,7,92,6,354,23,23.727107,92.717639,1,0,1,1,1,1,7,3,22,92,199,0,2,13,0,0,1,0,0,0,0,0
0,2,92,6,368,469,25.906267,93.72759,1,0,1,1,1,1,1,2,18,92,210,0,2,5,1,0,0,0,0,0,0,0
0,11,92,6,405,953,18.364195,81.892418,3,0,1,1,1,1,2,2,18,92,93,0,1,9,1,0,0,-9,0,0,0,0
0,6,153,6,430,1301,33.600399,73.043426,1,0,1,1,1,0,1,2,15,153,335,0,2,9,0,0,0,0,-9,-9,0,-9
0,8,92,6,442,764,26.292047,73.032411,1,0,1,1,1,1,4,6,42,92,320,0,2,5,1,1,0,1,0,0,0,0
0,5,92,6,483,611,27.532972,88.512218,4,0,1,0,1,1,9,14,83,92,306,0,2,13,0,3,1,0,-9,-9,0,-9
0,9,92,6,509,345,13.08268,80.270718,1,0,1,1,1,1,3,19,99,92,221,0,2,6,3,0,1,0,0,0,0,0
0,9,92,6,525,1517,23.940848,91.988153,2,0,1,1,1,1,2,19,99,92,342,0,2,9,3,25,1,0,0,0,0,0
0,12,92,6,537,785,26.449923,80.331874,1,0,1,1,1,1,2,14,75,92,360,0,2,5,2,0,1,0,-9,-9,0,-9
0,12,92,6,538,1340,29.854279,77.888031,1,0,1,1,1,1,3,12,61,92,332,0,0,6,1,0,0,-9,0,0,0,0
0,12,92,6,558,808,26.350435,89.443486,2,0,1,1,1,1,9,20,0,1,342,0,2,13,13,0,1,0,0,-9,-9,-9
