17.21462933934814,13.066861724568138,-10.747341808239144,-8.316070719765122,-26.27351139927553,1.2859444661305812,5.306851428540923,15.111289035664154,-9.409877130163263,-13.812900815738535,-17.015911320028334,-5.058642061044478,-3.7066250157044296,-2.8944520233711435,-3.9011489270636512,-4.03999847268668,-10.494095117991206,-3.6764083813681943,-5.539622245518505,-11.986419493176106
-8.093912658231023,17.547107530736675,8.086746255307833,7.418584019122096,1.885687619329512,3.590929979292116,-27.446607962147787,-9.683067941958345,4.914100734334056,1.3091207948150636,-4.923028578996647,4.94636563568154,2.6276191902525228,1.2321174988296781,9.65383991614954,-8.77274558421478,3.6345619045581805,23.8818018508409,8.092818453817287,36.576343355308815
-3.405540105601478,9.018819336841794,3.95508078778094,-7.293452202555599,-0.22049252411621081,-3.085791906799818,-2.385741887178247,10.78336109618505,11.839584731702626,-5.017546917796733,18.65253377247471,13.13477240789649,5.11592960082887,0.24274651945494827,-0.6322831737018564,21.394640983504356,17.41620977830399,19.8190650440354,-8.372199727574245,2.505426961430696
-1.3033318277316932,9.435074173589031,2.0322592785890254,-0.4828140171752775,-2.8838176632555967,1.4591260470388299,6.172741466350303,17.96008187678149,-0.9793329682359294,8.134947757103955,3.6427916962755207,-16.780445197615016,7.473584887769547,4.193219411332585,5.6812543347641755,1.0949622969692803,9.763929425562916,11.311653429890416,17.870937244954813,-3.0188689579849823
5.222825360017458,7.36500129280246,19.242046214886575,18.667557596713788,4.081783230548843,1.0554445938199053,-12.665343203577908,-7.145432759678145,-3.167585194272867,4.582087016905071,10.719887950386372,-15.131793841309978,9.566617219499616,0.9640276128365296,6.117410609539357,-10.36935369196777,-6.036027779047177,10.522578476576642,-0.5663590871355136,11.46846639988535
-5.883420451877307,0.6915327344858317,-0.9378802720515004,-22.325273725623322,7.195897942356621,15.643436413857957,-5.563763078239948,13.043448212176342,18.5939346406056,4.805499024857555,1.3345293356252577,-7.010835738586921,-5.9980314261893986,3.115940403744482,-9.001969106916999,15.825095060987845,16.85778952766878,-0.5714434099485353,10.263664163894372,16.46837594098146
7.501160157768703,-1.7249863562219099,8.894587780661938,0.928909166866619,5.664205387361822,3.363435689571546,-20.773796266940042,-9.23799900555244,0.2034947231380304,6.812889818855657,-7.35562601932859,-26.733001185217418,-11.839811731331361,-70.6601939196904,10.754904068275707,-3.18952699475155,-10.810766522437211,2.5235806787934214,-9.856973285209074,-3.7153120243783646
6.158631300336388,5.39270340680131,10.253912810041582,19.37334356236268,4.703766410272758,-2.2557023456166823,-10.448356762171768,-5.82519929921274,-10.62791844642808,9.16862479060006,16.34512293672087,2.619015964707246,-2.1818494727925275,5.363238726882398,7.113501627231615,-7.026885937332701,-0.22190497675093343,9.177611370237003,0.09615481485721335,11.601460283358014
-8.727276801515297,1.8680528167342614,3.384213065864211,-24.383266337449584,5.806269943631869,12.067266475978402,-9.84623350104105,22.064041876707677,18.55339585802844,4.694202623172205,-4.020641776334552,7.127100875745833,11.845855260705031,4.175995686470646,-24.844480875813115,19.402304967109224,25.212261954007285,-0.7613482273184224,-7.499432166760705,26.193961070314632
-18.410134899872357,11.79497837421517,-4.600457005102947,-7.446971011109955,5.490219007297028,11.578849435309177,-18.588645550812675,4.925595334611282,5.748963643194718,12.23647360291701,-11.340466573986633,-4.807145396975299,12.108548155316319,8.746741297221945,0.9638675619883167,-12.38328110812168,35.84896598851878,2.4824878791535716,8.132842516857657,22.488269054168843
-3.294063133450631,4.245472934646566,5.982782279360564,-3.8988467186131395,3.0216011113289882,5.384914631970162,0.9710703139728654,7.956987481135052,-5.830695586283877,2.6278608429629555,-2.480204682265999,-7.553040851052309,3.9557821053815374,-4.1700670992303,-1.169073447247269,4.887581922219785,13.870094685529082,9.08244587354346,25.19261489837296,11.890808687024302
-3.081499956755518,-11.327045932530595,-5.11001463219978,-21.31164098689587,-1.8896821707914795,9.165552895833262,-120.39017026174778,-12.223225493417997,14.794000688454465,-16.649190688658802,-9.591122428373671,-3.9119308116099663,4.481038609996633,8.101744182239642,0.047897167673777066,-7.7189330785570025,12.714005149914293,-7.4653770526943894,-1.8402302754267368,17.081861507935177
-6.597814837268595,6.498912563649001,-6.708323317984024,-2.0348954098674366,3.816682945523963,0.7010131247542254,-0.7696950165391063,16.328381079063924,3.9534045263247615,5.485691219445028,4.019917310873529,6.238564041233964,16.115079819165036,-5.085202534458773,-5.79579471842792,-0.6585615575997067,22.347103076786677,12.92993898232768,-7.7087336165026805,18.276220027184518
19.26154851676566,11.012928217872227,1.761197783293249,11.694873153449235,-21.495403015607994,-11.290753952045845,3.241992748510111,6.662680067083103,-9.839241454808898,-4.447791148848074,-22.74787812361107,-7.776491959755479,-7.489664788202614,-37.0772706082455,-13.10806491404257,-76.92920211430778,16.342704848949786,3.3729727379275087,-9.567122100482715,-3.3919469547685672
-5.268603778346438,14.339804306641023,1.3419034937419965,14.765936885837862,0.1777586190970463,-0.9980610786523579,1.972618751065132,2.286115393449564,-2.145910177762055,-8.918191317227107,19.101578878969946,-3.464017112025477,15.326365071887972,-5.467103847820104,8.873578006956945,-15.058455582953703,11.106936463615686,15.815780707814318,22.688924247668663,5.134486852474268
